{
  "loss": [
    0.6508853435516357,
    0.38333094120025635,
    0.26621535420417786,
    0.22171738743782043,
    0.19491645693778992,
    0.18874870240688324,
    0.18237294256687164,
    0.15821224451065063,
    0.14529354870319366,
    0.14922775328159332,
    0.1356833279132843,
    0.13948370516300201,
    0.12086959928274155,
    0.11713658273220062,
    0.1366085708141327,
    0.12438585609197617,
    0.11286070942878723,
    0.1085856705904007,
    0.10699344426393509,
    0.08916507661342621,
    0.0966423824429512,
    0.09875428676605225,
    0.1092611774802208,
    0.08364149928092957,
    0.08907162398099899,
    0.08390442281961441,
    0.07906239479780197,
    0.08365368843078613,
    0.072280153632164,
    0.0649474486708641,
    0.0746796727180481,
    0.07292681187391281,
    0.0703367069363594,
    0.08545809239149094,
    0.06142512336373329,
    0.060658130794763565,
    0.0775022804737091,
    0.06720410287380219
  ],
  "accuracy": [
    0.8279569745063782,
    0.8946236371994019,
    0.9194743037223816,
    0.9347670078277588,
    0.9400238990783691,
    0.9407407641410828,
    0.9416965246200562,
    0.9498208165168762,
    0.9550776481628418,
    0.9522102475166321,
    0.9584229588508606,
    0.9579450488090515,
    0.961051344871521,
    0.9617682099342346,
    0.9574671387672424,
    0.9624850749969482,
    0.9639187455177307,
    0.9646356105804443,
    0.9665471911430359,
    0.9708482623100281,
    0.967025101184845,
    0.968697726726532,
    0.9641577005386353,
    0.9734767079353333,
    0.9710872173309326,
    0.9727598428726196,
    0.9765830636024475,
    0.9725208878517151,
    0.9768219590187073,
    0.9772998690605164,
    0.9753882884979248,
    0.9753882884979248,
    0.9782556891441345,
    0.9753882884979248,
    0.979689359664917,
    0.9806451797485352,
    0.9751493334770203,
    0.9789724946022034
  ],
  "val_loss": [
    15.070655822753906,
    4.284591197967529,
    3.0500800609588623,
    2.1082653999328613,
    0.3535073697566986,
    0.4373876750469208,
    0.2836591899394989,
    0.38466131687164307,
    1.68144690990448,
    0.9120645523071289,
    1.2245221138000488,
    0.6138285398483276,
    0.21736440062522888,
    0.8987566232681274,
    0.4661879539489746,
    0.8979285359382629,
    0.28184401988983154,
    0.6408880949020386,
    1.3732151985168457,
    0.32463908195495605,
    0.2713087499141693,
    0.4855891168117523,
    0.5201239585876465,
    0.3010692298412323,
    0.5153343081474304,
    0.28454113006591797,
    0.3304559588432312,
    0.31984806060791016,
    0.5870493054389954,
    0.3223431408405304,
    1.3562604188919067,
    0.5222712159156799,
    0.2625013589859009,
    0.38578861951828003,
    0.3153281509876251,
    0.363319993019104,
    0.7298479080200195,
    0.3434089422225952
  ],
  "val_accuracy": [
    0.10615521669387817,
    0.2319357693195343,
    0.2934879660606384,
    0.5450490713119507,
    0.9170383810997009,
    0.8920606374740601,
    0.9455842971801758,
    0.9054415822029114,
    0.5361284613609314,
    0.7413024306297302,
    0.6440678238868713,
    0.8322926163673401,
    0.9509366750717163,
    0.8135592937469482,
    0.8965209722518921,
    0.7832292318344116,
    0.9384478330612183,
    0.8492417335510254,
    0.6922390460968018,
    0.92328280210495,
    0.9455842971801758,
    0.8831400275230408,
    0.8697591423988342,
    0.937555730342865,
    0.8822479844093323,
    0.9509366750717163,
    0.9268510341644287,
    0.942016065120697,
    0.8974130153656006,
    0.9339874982833862,
    0.8010704517364502,
    0.884032130241394,
    0.9446922540664673,
    0.9081177711486816,
    0.931311309337616,
    0.9188224673271179,
    0.8563782572746277,
    0.9455842971801758
  ]
}